{
  "camera_pos": [
    1798.7421875,
    1059.65185546875
  ],
  "show_grid": false,
  "zoom": 0.333126544952393
}